{
  "state": {
    "isStdOutTTY": false,
    "isStdErrTTY": false,
    "testRunDurationMs": 701959.118916
  },
  "metrics": {
    "checks": {
      "contains": "default",
      "values": {
        "rate": 0.6501687372630103,
        "passes": 437717,
        "fails": 235519
      },
      "type": "rate"
    },
    "data_sent": {
      "type": "counter",
      "contains": "data",
      "values": {
        "count": 122620705,
        "rate": 174683.54167028554
      }
    },
    "search_hit_count": {
      "type": "counter",
      "contains": "default",
      "values": {
        "count": 101163,
        "rate": 144.11523018067052
      }
    },
    "http_req_duration": {
      "type": "trend",
      "contains": "time",
      "values": {
        "avg": 827.7149436846338,
        "min": 0,
        "med": 757.80638,
        "max": 20652.26696,
        "p(90)": 1871.7231282999999,
        "p(95)": 2180.9236479999927
      }
    },
    "http_req_tls_handshaking": {
      "type": "trend",
      "contains": "time",
      "values": {
        "p(95)": 0,
        "avg": 0,
        "min": 0,
        "med": 0,
        "max": 0,
        "p(90)": 0
      }
    },
    "search_total_count": {
      "type": "counter",
      "contains": "default",
      "values": {
        "count": 336618,
        "rate": 479.5407466460756
      }
    },
    "iteration_duration": {
      "type": "trend",
      "contains": "time",
      "values": {
        "p(90)": 1873.5125665,
        "p(95)": 2189.8538586499953,
        "avg": 837.2291529483983,
        "min": 13.540379,
        "med": 759.0003585,
        "max": 30003.486046
      }
    },
    "breaking_point_vus": {
      "type": "trend",
      "contains": "time",
      "values": {
        "avg": 886.890625,
        "min": 1,
        "med": 1197,
        "max": 1200,
        "p(90)": 1200,
        "p(95)": 1200
      }
    },
    "http_req_duration{expected_response:true}": {
      "contains": "time",
      "values": {
        "min": 13.402364,
        "med": 757.8434735000001,
        "max": 20652.26696,
        "p(90)": 1871.7598811,
        "p(95)": 2181.2824359999995,
        "avg": 827.8718778533766
      },
      "type": "trend"
    },
    "http_req_blocked": {
      "type": "trend",
      "contains": "time",
      "values": {
        "avg": 1.5529692252901095,
        "min": 0,
        "med": 0.004304,
        "max": 19568.241914,
        "p(90)": 0.006549,
        "p(95)": 0.008268
      }
    },
    "http_req_sending": {
      "type": "trend",
      "contains": "time",
      "values": {
        "avg": 0.021792261508568497,
        "min": -1.438874,
        "med": 0.019881,
        "max": 13.874621,
        "p(90)": 0.034897,
        "p(95)": 0.04284314999999996
      }
    },
    "search_empty_count": {
      "values": {
        "count": 235455,
        "rate": 335.4255164654051
      },
      "type": "counter",
      "contains": "default"
    },
    "http_req_failed": {
      "thresholds": {
        "rate<0.05": {
          "ok": true
        }
      },
      "type": "rate",
      "contains": "default",
      "values": {
        "rate": 0.00018956335266484607,
        "passes": 64,
        "fails": 337554
      }
    },
    "search_duration_ms": {
      "type": "trend",
      "contains": "time",
      "values": {
        "avg": 829.7478581047144,
        "min": 0,
        "med": 758.4379134999999,
        "max": 20652.26696,
        "p(90)": 1872.4150241,
        "p(95)": 2184.5506570499997
      },
      "thresholds": {
        "p(95)<3000": {
          "ok": true
        }
      }
    },
    "iterations": {
      "type": "counter",
      "contains": "default",
      "values": {
        "count": 336618,
        "rate": 479.5407466460756
      }
    },
    "vus": {
      "type": "gauge",
      "contains": "default",
      "values": {
        "value": 1,
        "min": 0,
        "max": 1200
      }
    },
    "data_received": {
      "type": "counter",
      "contains": "data",
      "values": {
        "count": 284859825,
        "rate": 405806.8587240446
      }
    },
    "dropped_iterations": {
      "type": "counter",
      "contains": "default",
      "values": {
        "count": 74681,
        "rate": 106.38938648638984
      }
    },
    "vus_max": {
      "contains": "default",
      "values": {
        "value": 1200,
        "min": 100,
        "max": 1200
      },
      "type": "gauge"
    },
    "http_req_connecting": {
      "type": "trend",
      "contains": "time",
      "values": {
        "avg": 1.5468890322672384,
        "min": 0,
        "med": 0,
        "max": 19568.204603,
        "p(90)": 0,
        "p(95)": 0
      }
    },
    "http_reqs": {
      "values": {
        "count": 337618,
        "rate": 480.96533103148005
      },
      "type": "counter",
      "contains": "default"
    },
    "http_req_waiting": {
      "type": "trend",
      "contains": "time",
      "values": {
        "avg": 827.237851716527,
        "min": 0,
        "med": 757.3184375000001,
        "max": 20652.200204,
        "p(90)": 1871.2086135999998,
        "p(95)": 2180.686678349995
      }
    },
    "search_hit_rate": {
      "thresholds": {
        "rate>0.8": {
          "ok": false
        }
      },
      "type": "rate",
      "contains": "default",
      "values": {
        "rate": 0.30052760101955334,
        "passes": 101163,
        "fails": 235455
      }
    },
    "http_req_receiving": {
      "type": "trend",
      "contains": "time",
      "values": {
        "min": -0.880389,
        "med": 0.0623915,
        "max": 1027.013434,
        "p(90)": 0.9326997999999996,
        "p(95)": 1.9703233999999987,
        "avg": 0.45529970659442875
      }
    },
    "search_error_rate": {
      "contains": "default",
      "values": {
        "rate": 0,
        "passes": 0,
        "fails": 336618
      },
      "type": "rate"
    }
  },
  "root_group": {
    "groups": [],
    "checks": [
        {
          "name": "[StepUp] 200 OK",
          "path": "::[StepUp] 200 OK",
          "id": "f762dd3365f6cf0efc13cd85cad80df4",
          "passes": 336554,
          "fails": 64
        },
        {
          "name": "[StepUp] 결과 1건 이상",
          "path": "::[StepUp] 결과 1건 이상",
          "id": "01dcf33c2910821a2cb1afa72457e52e",
          "passes": 101163,
          "fails": 235455
        }
      ],
    "name": "",
    "path": "",
    "id": "d41d8cd98f00b204e9800998ecf8427e"
  },
  "options": {
    "summaryTrendStats": [
      "avg",
      "min",
      "med",
      "max",
      "p(90)",
      "p(95)"
    ],
    "summaryTimeUnit": "",
    "noColor": false
  }
}